compound_name,input_smiles,standardized_smiles,valid,error,pIC50_pred,inside_ad,knn_similarity,nn_similarity,reliability
281556107,CCCS(=O)(=O)c1ccccc1S(=O)(=O)CCN1CC[C@H](CC)C1,CCCS(=O)(=O)c1ccccc1S(=O)(=O)CCN1CC[C@H](CC)C1,True,,5.250592708817258,True,0.32157213851926975,"{'ecfp4': {'inside_ad': False, 'knn_similarity': 0.16550754747437757, 'nearest_neighbor_sim': 0.16853932584269662}, 'maccs': {'inside_ad': True, 'knn_similarity': 0.5343944576870967, 'nearest_neighbor_sim': 0.5483870967741935}, 'rdkit': {'inside_ad': False, 'knn_similarity': 0.264814410396335, 'nearest_neighbor_sim': 0.2668283808368708}}",High
225486070,COC(=O)[C@H](Cc1ccccc1)[C@H](C)NC(=O)c1ccco1,COC(=O)[C@H](Cc1ccccc1)[C@H](C)NC(=O)c1ccco1,True,,4.745559136743408,False,0.28092246357269285,"{'ecfp4': {'inside_ad': False, 'knn_similarity': 0.1341942242422658, 'nearest_neighbor_sim': 0.14166666666666666}, 'maccs': {'inside_ad': True, 'knn_similarity': 0.37952692187986303, 'nearest_neighbor_sim': 0.39285714285714285}, 'rdkit': {'inside_ad': True, 'knn_similarity': 0.3290462445959498, 'nearest_neighbor_sim': 0.3427536231884058}}",Low
626588946,O=C(NCCN1CC[C@H](O)C1)Nc1ccc(CSc2ccc(F)cc2)cc1,O=C(NCCN1CC[C@H](O)C1)Nc1ccc(CSc2ccc(F)cc2)cc1,True,,5.317753029724239,True,0.3787441657125286,"{'ecfp4': {'inside_ad': False, 'knn_similarity': 0.1537916347218673, 'nearest_neighbor_sim': 0.15503875968992248}, 'maccs': {'inside_ad': True, 'knn_similarity': 0.7096371308016878, 'nearest_neighbor_sim': 0.7215189873417721}, 'rdkit': {'inside_ad': False, 'knn_similarity': 0.2728037316140307, 'nearest_neighbor_sim': 0.2781201848998459}}",High
930236656,CC[C@H](NCc1noc2c1COCC2)C1CCCCC1,CC[C@H](NCc1noc2c1COCC2)C1CCCCC1,True,,5.0361810096593675,True,0.335043262073289,"{'ecfp4': {'inside_ad': False, 'knn_similarity': 0.11572731350530377, 'nearest_neighbor_sim': 0.13131313131313133}, 'maccs': {'inside_ad': True, 'knn_similarity': 0.5398601398601398, 'nearest_neighbor_sim': 0.5454545454545454}, 'rdkit': {'inside_ad': True, 'knn_similarity': 0.3495423328544233, 'nearest_neighbor_sim': 0.35378440366972475}}",High
670447683,CCOc1ccc(-c2csc3ncn([C@@H]4CCNC[C@H]4O)c(=O)c23)cc1,CCOc1ccc(-c2csc3ncn([C@@H]4CCNC[C@H]4O)c(=O)c23)cc1,True,,5.47130043703775,True,0.49316454983052155,"{'ecfp4': {'inside_ad': False, 'knn_similarity': 0.18150437352362692, 'nearest_neighbor_sim': 0.20481927710843373}, 'maccs': {'inside_ad': True, 'knn_similarity': 0.7652774439904937, 'nearest_neighbor_sim': 0.7808219178082192}, 'rdkit': {'inside_ad': True, 'knn_similarity': 0.532711831977444, 'nearest_neighbor_sim': 0.5364383561643835}}",High
12427804,Cn1c(COc2ccc3c(c2)OCO3)nnc1SCC(=O)N1CCc2ccccc21,Cn1c(COc2ccc3c(c2)OCO3)nnc1SCC(=O)N1CCc2ccccc21,True,,5.373554906763833,True,0.42631228194401105,"{'ecfp4': {'inside_ad': False, 'knn_similarity': 0.16123311602758245, 'nearest_neighbor_sim': 0.17}, 'maccs': {'inside_ad': True, 'knn_similarity': 0.6638824435129986, 'nearest_neighbor_sim': 0.7468354430379747}, 'rdkit': {'inside_ad': True, 'knn_similarity': 0.4538212862914521, 'nearest_neighbor_sim': 0.4586507072905332}}",High
34435731,COC(=O)[C@@H](N)Cc1ccncc1,COC(=O)[C@@H](N)Cc1ccncc1,True,,5.058843058580528,False,0.2117896701267382,"{'ecfp4': {'inside_ad': False, 'knn_similarity': 0.1425312235657063, 'nearest_neighbor_sim': 0.16666666666666666}, 'maccs': {'inside_ad': True, 'knn_similarity': 0.33033940651000543, 'nearest_neighbor_sim': 0.3448275862068966}, 'rdkit': {'inside_ad': False, 'knn_similarity': 0.16249838030450275, 'nearest_neighbor_sim': 0.1626984126984127}}",Low
907848841,O=C(O)[C@@H]1C[C@H]1C(=O)N1CCC(Cc2nc3ccccc3[nH]2)CC1,O=C(O)[C@@H]1C[C@H]1C(=O)N1CCC(Cc2nc3ccccc3[nH]2)CC1,True,,5.326293687501376,True,0.41003596558596156,"{'ecfp4': {'inside_ad': False, 'knn_similarity': 0.20729918831319183, 'nearest_neighbor_sim': 0.22580645161290322}, 'maccs': {'inside_ad': True, 'knn_similarity': 0.7121003092644884, 'nearest_neighbor_sim': 0.7619047619047619}, 'rdkit': {'inside_ad': True, 'knn_similarity': 0.31070839918020443, 'nearest_neighbor_sim': 0.3121345029239766}}",High
248024206,C[C@H](CNc1nccc(C(F)(F)F)n1)N1CCOC[C@H]1C,C[C@H](CNc1nccc(C(F)(F)F)n1)N1CCOC[C@H]1C,True,,5.073348443815747,True,0.35549828471074035,"{'ecfp4': {'inside_ad': False, 'knn_similarity': 0.16036183978541912, 'nearest_neighbor_sim': 0.16326530612244897}, 'maccs': {'inside_ad': True, 'knn_similarity': 0.6437346437346437, 'nearest_neighbor_sim': 0.6486486486486487}, 'rdkit': {'inside_ad': False, 'knn_similarity': 0.2623983706121583, 'nearest_neighbor_sim': 0.26330532212885155}}",High
2382384724,Cc1cc(C(=O)N2CC[C@@H](O)[C@@](CC3CC3)(C(=O)O)C2)c2ccc(F)cc2n1,Cc1cc(C(=O)N2CC[C@@H](O)[C@@](CC3CC3)(C(=O)O)C2)c2ccc(F)cc2n1,True,,5.195872876585107,True,0.4410379673833688,"{'ecfp4': {'inside_ad': False, 'knn_similarity': 0.18455426734987887, 'nearest_neighbor_sim': 0.19047619047619047}, 'maccs': {'inside_ad': True, 'knn_similarity': 0.6625301204819276, 'nearest_neighbor_sim': 0.6626506024096386}, 'rdkit': {'inside_ad': True, 'knn_similarity': 0.4760295143182999, 'nearest_neighbor_sim': 0.477408818726184}}",High
42364333,CN(Cc1csc(Br)c1)C(=O)[C@H]1C[C@@H](O)CN1,CN(Cc1csc(Br)c1)C(=O)[C@H]1C[C@@H](O)CN1,True,,5.261502598686903,True,0.37024267723291454,"{'ecfp4': {'inside_ad': False, 'knn_similarity': 0.16546147077824866, 'nearest_neighbor_sim': 0.17105263157894737}, 'maccs': {'inside_ad': True, 'knn_similarity': 0.5928358260628721, 'nearest_neighbor_sim': 0.6024096385542169}, 'rdkit': {'inside_ad': True, 'knn_similarity': 0.3524307348576229, 'nearest_neighbor_sim': 0.3544973544973545}}",High
13010310,CC[C@H](C)C(=O)N1CCN(S(=O)(=O)c2ccc(OC)cc2)CC1,CC[C@H](C)C(=O)N1CCN(S(=O)(=O)c2ccc(OC)cc2)CC1,True,,5.218467681066323,True,0.3595533287105878,"{'ecfp4': {'inside_ad': False, 'knn_similarity': 0.1605016480645554, 'nearest_neighbor_sim': 0.17204301075268819}, 'maccs': {'inside_ad': True, 'knn_similarity': 0.6124858339492486, 'nearest_neighbor_sim': 0.6341463414634146}, 'rdkit': {'inside_ad': True, 'knn_similarity': 0.3056725041179592, 'nearest_neighbor_sim': 0.30682800345721695}}",High
16648279,O=C(NC1CCCCCCC1)C1CCN(C(=O)c2cccs2)CC1,O=C(NC1CCCCCCC1)C1CCN(C(=O)c2cccs2)CC1,True,,5.260670570810225,True,0.38676579758949653,"{'ecfp4': {'inside_ad': False, 'knn_similarity': 0.20906509192370906, 'nearest_neighbor_sim': 0.2236842105263158}, 'maccs': {'inside_ad': True, 'knn_similarity': 0.6572054429459744, 'nearest_neighbor_sim': 0.6964285714285714}, 'rdkit': {'inside_ad': False, 'knn_similarity': 0.29402685789880634, 'nearest_neighbor_sim': 0.3025210084033613}}",High
17056054,O=S(=O)(c1ccc(N2CCCC2)c2nonc12)N1CCCC1,O=S(=O)(c1ccc(N2CCCC2)c2nonc12)N1CCCC1,True,,5.07968151295699,True,0.39875174518165224,"{'ecfp4': {'inside_ad': False, 'knn_similarity': 0.15080993623298752, 'nearest_neighbor_sim': 0.16455696202531644}, 'maccs': {'inside_ad': True, 'knn_similarity': 0.5972461021621156, 'nearest_neighbor_sim': 0.6282051282051282}, 'rdkit': {'inside_ad': True, 'knn_similarity': 0.44819919714985346, 'nearest_neighbor_sim': 0.4518398268398268}}",High
657453305,Cn1cc([C@@H]2OCCC[C@H]2CNCC2(CO)CC3(CCC3)C2)cn1,Cn1cc([C@@H]2OCCC[C@H]2CNCC2(CO)CC3(CCC3)C2)cn1,True,,5.507280395262575,True,0.3525647101196981,"{'ecfp4': {'inside_ad': False, 'knn_similarity': 0.16893826238486434, 'nearest_neighbor_sim': 0.18446601941747573}, 'maccs': {'inside_ad': True, 'knn_similarity': 0.5730205387515419, 'nearest_neighbor_sim': 0.5822784810126582}, 'rdkit': {'inside_ad': True, 'knn_similarity': 0.31573532922268804, 'nearest_neighbor_sim': 0.32720848056537105}}",High
8666949,O=C(Cn1c(=O)n(CCCCC(=O)NC2CCCC2)c(=O)c2ccccc21)NCCC1=CCCCC1,O=C(Cn1c(=O)n(CCCCC(=O)NC2CCCC2)c(=O)c2ccccc21)NCCC1=CCCCC1,True,,5.7823553930444715,True,0.44326160426114275,"{'ecfp4': {'inside_ad': False, 'knn_similarity': 0.1591251024180952, 'nearest_neighbor_sim': 0.1652892561983471}, 'maccs': {'inside_ad': True, 'knn_similarity': 0.6964094976753206, 'nearest_neighbor_sim': 0.7051282051282052}, 'rdkit': {'inside_ad': True, 'knn_similarity': 0.4742502126900125, 'nearest_neighbor_sim': 0.4781390134529148}}",High
2325839679,COc1cc2ncn(CCCC(=O)Nc3ccc(Oc4ccncc4)c(C)c3)c(=O)c2cc1OC,COc1cc2ncn(CCCC(=O)Nc3ccc(Oc4ccncc4)c(C)c3)c(=O)c2cc1OC,True,,5.149808476969215,True,0.4286706757935284,"{'ecfp4': {'inside_ad': False, 'knn_similarity': 0.1552707145267975, 'nearest_neighbor_sim': 0.1651376146788991}, 'maccs': {'inside_ad': True, 'knn_similarity': 0.6623902383396054, 'nearest_neighbor_sim': 0.6666666666666666}, 'rdkit': {'inside_ad': True, 'knn_similarity': 0.46835107451418245, 'nearest_neighbor_sim': 0.4718352513628104}}",High
95915463,CC[C@H](C)Oc1ccc(Br)c(O[C@@H](C)CC)c1,CC[C@H](C)Oc1ccc(Br)c(O[C@@H](C)CC)c1,True,,5.479202103479446,False,0.1864858814649124,"{'ecfp4': {'inside_ad': False, 'knn_similarity': 0.11686790724194815, 'nearest_neighbor_sim': 0.12941176470588237}, 'maccs': {'inside_ad': False, 'knn_similarity': 0.2852675254089237, 'nearest_neighbor_sim': 0.2894736842105263}, 'rdkit': {'inside_ad': False, 'knn_similarity': 0.15732221174386546, 'nearest_neighbor_sim': 0.16044260027662519}}",Low
9358331,O=C1C[C@H](c2ccc(Cl)cc2)n2nc(NC(=O)c3ccc(Cl)cc3Cl)nc2N1,O=C1C[C@H](c2ccc(Cl)cc2)n2nc(NC(=O)c3ccc(Cl)cc3Cl)nc2N1,True,,5.364466386471416,True,0.4428983130088493,"{'ecfp4': {'inside_ad': False, 'knn_similarity': 0.17838901348120392, 'nearest_neighbor_sim': 0.18947368421052632}, 'maccs': {'inside_ad': True, 'knn_similarity': 0.6274556834008889, 'nearest_neighbor_sim': 0.6486486486486487}, 'rdkit': {'inside_ad': True, 'knn_similarity': 0.5228502421444551, 'nearest_neighbor_sim': 0.5276008492569002}}",High
32573478,CN(C)c1nc(-c2ccccc2C#N)ncc1F,CN(C)c1nc(-c2ccccc2C#N)ncc1F,True,,4.868245377408128,True,0.3688766088149012,"{'ecfp4': {'inside_ad': False, 'knn_similarity': 0.2174660920474874, 'nearest_neighbor_sim': 0.23863636363636365}, 'maccs': {'inside_ad': True, 'knn_similarity': 0.5472049441786284, 'nearest_neighbor_sim': 0.5666666666666667}, 'rdkit': {'inside_ad': True, 'knn_similarity': 0.34195879021858777, 'nearest_neighbor_sim': 0.3458745874587459}}",High
190158766,O=C(Nc1ccc(-n2cccn2)c(F)c1)[C@@H]1CCCc2c(O)cccc21,O=C(Nc1ccc(-n2cccn2)c(F)c1)[C@@H]1CCCc2c(O)cccc21,True,,5.187013178795322,True,0.43684532494788747,"{'ecfp4': {'inside_ad': False, 'knn_similarity': 0.17345068751364864, 'nearest_neighbor_sim': 0.17894736842105263}, 'maccs': {'inside_ad': True, 'knn_similarity': 0.6696188496188495, 'nearest_neighbor_sim': 0.676923076923077}, 'rdkit': {'inside_ad': True, 'knn_similarity': 0.46746643771116425, 'nearest_neighbor_sim': 0.4710836608646828}}",High
70636788,O=C(NCCc1ccccc1)C(=O)NC[C@@H](O)C1CCCCC1,O=C(NCCc1ccccc1)C(=O)NC[C@@H](O)C1CCCCC1,True,,5.0907060407298195,True,0.32112071188726393,"{'ecfp4': {'inside_ad': False, 'knn_similarity': 0.16863104353231245, 'nearest_neighbor_sim': 0.18604651162790697}, 'maccs': {'inside_ad': True, 'knn_similarity': 0.5016927516927516, 'nearest_neighbor_sim': 0.5277777777777778}, 'rdkit': {'inside_ad': False, 'knn_similarity': 0.2930383404367278, 'nearest_neighbor_sim': 0.30518234165067176}}",High
95961047,Cc1noc(C)c1CN(C)S(=O)(=O)c1c[nH]c(C(C)C)n1,Cc1noc(C)c1CN(C)S(=O)(=O)c1c[nH]c(C(C)C)n1,True,,5.218332511635079,True,0.34871695232813016,"{'ecfp4': {'inside_ad': False, 'knn_similarity': 0.12655018872752863, 'nearest_neighbor_sim': 0.1326530612244898}, 'maccs': {'inside_ad': True, 'knn_similarity': 0.5303816734614639, 'nearest_neighbor_sim': 0.54}, 'rdkit': {'inside_ad': True, 'knn_similarity': 0.38921899479539784, 'nearest_neighbor_sim': 0.3963914707490432}}",High
1889149046,Cc1nc(N2CCN(c3ncccc3C(F)(F)F)CC2)cc(-n2cccn2)n1,Cc1nc(N2CCN(c3ncccc3C(F)(F)F)CC2)cc(-n2cccn2)n1,True,,5.369935636569636,True,0.46461370496180626,"{'ecfp4': {'inside_ad': False, 'knn_similarity': 0.20257094943240456, 'nearest_neighbor_sim': 0.21052631578947367}, 'maccs': {'inside_ad': True, 'knn_similarity': 0.7086971460910341, 'nearest_neighbor_sim': 0.7368421052631579}, 'rdkit': {'inside_ad': True, 'knn_similarity': 0.4825730193619801, 'nearest_neighbor_sim': 0.4840236686390533}}",High
584885303,CCN1C[C@@H](NC(=O)C(C)(C)n2cccc2)CC1=O,CCN1C[C@@H](NC(=O)C(C)(C)n2cccc2)CC1=O,True,,5.212318644644288,True,0.3600021696608445,"{'ecfp4': {'inside_ad': False, 'knn_similarity': 0.16104693982845983, 'nearest_neighbor_sim': 0.16666666666666666}, 'maccs': {'inside_ad': True, 'knn_similarity': 0.578115633015049, 'nearest_neighbor_sim': 0.5942028985507246}, 'rdkit': {'inside_ad': True, 'knn_similarity': 0.34084393613902464, 'nearest_neighbor_sim': 0.34995206136145734}}",High
71283272,COc1ccc([C@H]2CC(O)=Nc3c2c(=O)[nH]n3C(C)C)cc1,COc1ccc([C@H]2CC(O)=Nc3c2c(=O)[nH]n3C(C)C)cc1,True,,5.946947277219545,True,0.44011813055677934,"{'ecfp4': {'inside_ad': False, 'knn_similarity': 0.16921425449309643, 'nearest_neighbor_sim': 0.2}, 'maccs': {'inside_ad': True, 'knn_similarity': 0.6254475426322774, 'nearest_neighbor_sim': 0.6376811594202898}, 'rdkit': {'inside_ad': True, 'knn_similarity': 0.5256925945449641, 'nearest_neighbor_sim': 0.5308707124010554}}",High
1775980436,CN1CCN(S(=O)(=O)c2cccnc2C(F)(F)F)CC12CCOCC2,CN1CCN(S(=O)(=O)c2cccnc2C(F)(F)F)CC12CCOCC2,True,,5.140715899727912,True,0.4272671724751862,"{'ecfp4': {'inside_ad': False, 'knn_similarity': 0.17241489911444877, 'nearest_neighbor_sim': 0.18947368421052632}, 'maccs': {'inside_ad': True, 'knn_similarity': 0.6463887773166123, 'nearest_neighbor_sim': 0.6666666666666666}, 'rdkit': {'inside_ad': True, 'knn_similarity': 0.4629978409944976, 'nearest_neighbor_sim': 0.466704610130905}}",High
249685465,CCN1CCC[C@@H]1[C@H]1CCCN1C(=O)C[C@@H]1OCCc2sccc21,CCN1CCC[C@@H]1[C@H]1CCCN1C(=O)C[C@@H]1OCCc2sccc21,True,,5.661225451463556,True,0.43461937758534663,"{'ecfp4': {'inside_ad': False, 'knn_similarity': 0.1905306956029625, 'nearest_neighbor_sim': 0.21052631578947367}, 'maccs': {'inside_ad': True, 'knn_similarity': 0.6685035716103443, 'nearest_neighbor_sim': 0.7101449275362319}, 'rdkit': {'inside_ad': True, 'knn_similarity': 0.4448238655427329, 'nearest_neighbor_sim': 0.4516363636363636}}",High
65495496,CC(C)N1CCC(C(=O)NCC[C@H]2COc3ccccc3O2)CC1,CC(C)N1CCC(C(=O)NCC[C@H]2COc3ccccc3O2)CC1,True,,5.47725388035542,True,0.3472564907081927,"{'ecfp4': {'inside_ad': False, 'knn_similarity': 0.1635818023376953, 'nearest_neighbor_sim': 0.1797752808988764}, 'maccs': {'inside_ad': True, 'knn_similarity': 0.5985050462898565, 'nearest_neighbor_sim': 0.6025641025641025}, 'rdkit': {'inside_ad': False, 'knn_similarity': 0.27968262349702633, 'nearest_neighbor_sim': 0.2820746132848044}}",High
104879269,CON(C)S(=O)(=O)c1ccc(NC(=O)C[C@@H]2C[C@H]3CC[C@H]2C3)cc1,CON(C)S(=O)(=O)c1ccc(NC(=O)C[C@@H]2C[C@H]3CC[C@H]2C3)cc1,True,,4.9993835045155794,True,0.3132516202301897,"{'ecfp4': {'inside_ad': False, 'knn_similarity': 0.1549492586325055, 'nearest_neighbor_sim': 0.16379310344827586}, 'maccs': {'inside_ad': True, 'knn_similarity': 0.5160246964455482, 'nearest_neighbor_sim': 0.5301204819277109}, 'rdkit': {'inside_ad': False, 'knn_similarity': 0.26878090561251544, 'nearest_neighbor_sim': 0.269449715370019}}",High
2196943,CCOC(=O)[C@@H]1[C@H](NC(=S)NC(=O)c2ccccc2)c2ccccc2CC1(C)C,CCOC(=O)[C@@H]1[C@H](NC(=S)NC(=O)c2ccccc2)c2ccccc2CC1(C)C,True,,5.622266273502195,True,0.3504478390844446,"{'ecfp4': {'inside_ad': False, 'knn_similarity': 0.14939432652095688, 'nearest_neighbor_sim': 0.1686746987951807}, 'maccs': {'inside_ad': True, 'knn_similarity': 0.4580287929125138, 'nearest_neighbor_sim': 0.47619047619047616}, 'rdkit': {'inside_ad': True, 'knn_similarity': 0.44392039781986314, 'nearest_neighbor_sim': 0.44991413852318257}}",High
2384423237,CCCOCCN1C[C@H]2CN(C(C)=O)[C@H](c3cccc(F)c3)[C@H]2C1,CCCOCCN1C[C@H]2CN(C(C)=O)[C@H](c3cccc(F)c3)[C@H]2C1,True,,5.5465543476524815,True,0.40267622370971595,"{'ecfp4': {'inside_ad': False, 'knn_similarity': 0.185331388935551, 'nearest_neighbor_sim': 0.20212765957446807}, 'maccs': {'inside_ad': True, 'knn_similarity': 0.6435277382645804, 'nearest_neighbor_sim': 0.6578947368421053}, 'rdkit': {'inside_ad': True, 'knn_similarity': 0.37916954392901653, 'nearest_neighbor_sim': 0.3927747886241353}}",High
83255619,C[C@@H]1CNCc2ccccc2O1,C[C@@H]1CNCc2ccccc2O1,True,,4.9201081856074556,False,0.23742463111545267,"{'ecfp4': {'inside_ad': False, 'knn_similarity': 0.1368022777393766, 'nearest_neighbor_sim': 0.14473684210526316}, 'maccs': {'inside_ad': True, 'knn_similarity': 0.36857644417228, 'nearest_neighbor_sim': 0.38028169014084506}, 'rdkit': {'inside_ad': False, 'knn_similarity': 0.20689517143470146, 'nearest_neighbor_sim': 0.21694214876033058}}",Low
63162047,COc1cc2c(cc1OC)CN(C(=O)Nc1cc(C(F)(F)F)c[nH]c1=O)CC2,COc1cc2c(cc1OC)CN(C(=O)Nc1cc(C(F)(F)F)c[nH]c1=O)CC2,True,,5.378357277460527,True,0.4532908775035726,"{'ecfp4': {'inside_ad': False, 'knn_similarity': 0.15349716614192277, 'nearest_neighbor_sim': 0.1836734693877551}, 'maccs': {'inside_ad': True, 'knn_similarity': 0.7443792263069371, 'nearest_neighbor_sim': 0.7469879518072289}, 'rdkit': {'inside_ad': True, 'knn_similarity': 0.4619962400618579, 'nearest_neighbor_sim': 0.47888161808447355}}",High
91381018,COc1ccc(C(=O)CCC(=O)N2CC(C)(C)[C@@](C)(O)C2)cc1,COc1ccc(C(=O)CCC(=O)N2CC(C)(C)[C@@](C)(O)C2)cc1,True,,5.3710560880014615,True,0.36709362703209086,"{'ecfp4': {'inside_ad': False, 'knn_similarity': 0.1409128013824302, 'nearest_neighbor_sim': 0.16129032258064516}, 'maccs': {'inside_ad': True, 'knn_similarity': 0.616212973539956, 'nearest_neighbor_sim': 0.6410256410256411}, 'rdkit': {'inside_ad': True, 'knn_similarity': 0.34415510617388645, 'nearest_neighbor_sim': 0.3547008547008547}}",High
2164143,CCCC(=O)[C@@H](O)CCC,CCCC(=O)[C@@H](O)CCC,True,,5.033747060876001,False,0.12933822196592204,"{'ecfp4': {'inside_ad': False, 'knn_similarity': 0.08916710727629348, 'nearest_neighbor_sim': 0.0958904109589041}, 'maccs': {'inside_ad': False, 'knn_similarity': 0.24488210308457553, 'nearest_neighbor_sim': 0.24675324675324675}, 'rdkit': {'inside_ad': False, 'knn_similarity': 0.05396545553689711, 'nearest_neighbor_sim': 0.055609756097560976}}",Low
71882770,CC(=O)Nc1ccc(CC(=O)NCCOc2ccc(F)cc2F)cc1,CC(=O)Nc1ccc(CC(=O)NCCOc2ccc(F)cc2F)cc1,True,,4.90505108204085,True,0.33825782483598793,"{'ecfp4': {'inside_ad': False, 'knn_similarity': 0.17175872608487164, 'nearest_neighbor_sim': 0.18269230769230768}, 'maccs': {'inside_ad': True, 'knn_similarity': 0.578290207123159, 'nearest_neighbor_sim': 0.5797101449275363}, 'rdkit': {'inside_ad': False, 'knn_similarity': 0.26472454129993306, 'nearest_neighbor_sim': 0.27634854771784234}}",High
5426503,C[C@@H](O)[C@@H](NC(=O)CCCc1c[nH]c2ccccc12)C(=O)O,C[C@@H](O)[C@@H](NC(=O)CCCc1c[nH]c2ccccc12)C(=O)O,True,,5.136607327443932,True,0.33197289714466033,"{'ecfp4': {'inside_ad': False, 'knn_similarity': 0.1510801509781138, 'nearest_neighbor_sim': 0.18181818181818182}, 'maccs': {'inside_ad': True, 'knn_similarity': 0.5150949367088608, 'nearest_neighbor_sim': 0.5189873417721519}, 'rdkit': {'inside_ad': True, 'knn_similarity': 0.32974360374700656, 'nearest_neighbor_sim': 0.3383333333333333}}",High
12761312,COc1ccc(N(Cc2ccccc2)S(=O)(=O)c2cccc(C(=O)N3CCC[C@@H](C)C3)c2)cc1,COc1ccc(N(Cc2ccccc2)S(=O)(=O)c2cccc(C(=O)N3CCC[C@@H](C)C3)c2)cc1,True,,5.23753748712291,True,0.4431788198971398,"{'ecfp4': {'inside_ad': False, 'knn_similarity': 0.23499552020115902, 'nearest_neighbor_sim': 0.25806451612903225}, 'maccs': {'inside_ad': True, 'knn_similarity': 0.6389268908468593, 'nearest_neighbor_sim': 0.6494845360824743}, 'rdkit': {'inside_ad': True, 'knn_similarity': 0.4556140486434012, 'nearest_neighbor_sim': 0.4759141033081834}}",High
13592011,C[C@H](O)[C@@H]1N[C@@]2(C(=O)Nc3c(Cl)cccc32)[C@H]2C(=O)N(C[C@@H]3CCCO3)C(=O)[C@H]21,C[C@H](O)[C@@H]1N[C@@]2(C(=O)Nc3c(Cl)cccc32)[C@H]2C(=O)N(C[C@@H]3CCCO3)C(=O)[C@@H]12,True,,5.612041521008585,True,0.5058181024756746,"{'ecfp4': {'inside_ad': False, 'knn_similarity': 0.18204492618593907, 'nearest_neighbor_sim': 0.19298245614035087}, 'maccs': {'inside_ad': True, 'knn_similarity': 0.6591774723002793, 'nearest_neighbor_sim': 0.68}, 'rdkit': {'inside_ad': True, 'knn_similarity': 0.6762319089408052, 'nearest_neighbor_sim': 0.6866734486266531}}",High
630131220,C[C@@H]1C[C@@H](C(=O)Nc2ccc(OCC(=O)O)c3ccccc23)[C@@H](C)O1,C[C@@H]1C[C@@H](C(=O)Nc2ccc(OCC(=O)O)c3ccccc23)[C@@H](C)O1,True,,5.564819435228413,True,0.34332832704113425,"{'ecfp4': {'inside_ad': False, 'knn_similarity': 0.15930750576040964, 'nearest_neighbor_sim': 0.175}, 'maccs': {'inside_ad': True, 'knn_similarity': 0.534401133947555, 'nearest_neighbor_sim': 0.5529411764705883}, 'rdkit': {'inside_ad': True, 'knn_similarity': 0.3362763414154383, 'nearest_neighbor_sim': 0.3378299120234604}}",High
98095900,N[C@H]1C[C@@H](C2CCCCC2)CCC1=O,N[C@H]1C[C@@H](C2CCCCC2)CCC1=O,True,,4.9837898966407845,False,0.1903526913911782,"{'ecfp4': {'inside_ad': False, 'knn_similarity': 0.1061575469687281, 'nearest_neighbor_sim': 0.11235955056179775}, 'maccs': {'inside_ad': True, 'knn_similarity': 0.35728078051670353, 'nearest_neighbor_sim': 0.36507936507936506}, 'rdkit': {'inside_ad': False, 'knn_similarity': 0.10761974668810295, 'nearest_neighbor_sim': 0.12596899224806202}}",Low
72472831,Cc1nn2c(NC[C@@H](O)c3ccncc3)cc(-c3ccccc3)nc2c1C,Cc1nn2c(NC[C@@H](O)c3ccncc3)cc(-c3ccccc3)nc2c1C,True,,5.684320542068758,True,0.42893095321304275,"{'ecfp4': {'inside_ad': False, 'knn_similarity': 0.16190945764231285, 'nearest_neighbor_sim': 0.2}, 'maccs': {'inside_ad': True, 'knn_similarity': 0.5783188841369357, 'nearest_neighbor_sim': 0.5882352941176471}, 'rdkit': {'inside_ad': True, 'knn_similarity': 0.5465645178598797, 'nearest_neighbor_sim': 0.5478164731896075}}",High
2325791489,Cc1c(C(=O)N2CCC[C@@H](c3n[nH]c(C4CCCCC4)n3)C2)cnc2ccnn12,Cc1c(C(=O)N2CCC[C@@H](c3n[nH]c(C4CCCCC4)n3)C2)cnc2ccnn12,True,,5.412253097302917,True,0.4555382991726977,"{'ecfp4': {'inside_ad': False, 'knn_similarity': 0.21822750226563659, 'nearest_neighbor_sim': 0.23232323232323232}, 'maccs': {'inside_ad': True, 'knn_similarity': 0.681998556998557, 'nearest_neighbor_sim': 0.6984126984126984}, 'rdkit': {'inside_ad': True, 'knn_similarity': 0.4663888382538996, 'nearest_neighbor_sim': 0.47506702412868634}}",High
17130267,CCOC(=O)[C@H]1CCCN(C(=O)Cn2cnc3sc(-c4ccccc4)c(C)c3c2=O)C1,CCOC(=O)[C@H]1CCCN(C(=O)Cn2cnc3sc(-c4ccccc4)c(C)c3c2=O)C1,True,,5.521014291283102,True,0.5143165219217464,"{'ecfp4': {'inside_ad': False, 'knn_similarity': 0.19652998156135398, 'nearest_neighbor_sim': 0.20388349514563106}, 'maccs': {'inside_ad': True, 'knn_similarity': 0.7669794584500467, 'nearest_neighbor_sim': 0.8428571428571429}, 'rdkit': {'inside_ad': True, 'knn_similarity': 0.5794401257538386, 'nearest_neighbor_sim': 0.5850447604002106}}",High
10188880,CN(C)C(=O)c1ccc(NC(=O)CSc2nc3ccccc3n2-c2ccccc2)cc1,CN(C)C(=O)c1ccc(NC(=O)CSc2nc3ccccc3n2-c2ccccc2)cc1,True,,5.225520479553103,True,0.3915130553569286,"{'ecfp4': {'inside_ad': False, 'knn_similarity': 0.1473408000038346, 'nearest_neighbor_sim': 0.15789473684210525}, 'maccs': {'inside_ad': True, 'knn_similarity': 0.5983860342555996, 'nearest_neighbor_sim': 0.625}, 'rdkit': {'inside_ad': True, 'knn_similarity': 0.42881233181135175, 'nearest_neighbor_sim': 0.43061674008810574}}",High
13746804,O=C(Nc1ccc(Br)cn1)c1c(F)cccc1F,O=C(Nc1ccc(Br)cn1)c1c(F)cccc1F,True,,5.112109350983463,False,0.29647332579790264,"{'ecfp4': {'inside_ad': False, 'knn_similarity': 0.15556076859648288, 'nearest_neighbor_sim': 0.1590909090909091}, 'maccs': {'inside_ad': True, 'knn_similarity': 0.45293677113033687, 'nearest_neighbor_sim': 0.49122807017543857}, 'rdkit': {'inside_ad': False, 'knn_similarity': 0.28092243766688824, 'nearest_neighbor_sim': 0.2953439888811675}}",Low
23990094,C[C@@H]1CCCC[C@@]12NC(=O)N(CN1CCC[C@@H]1c1cccs1)C2=O,C[C@@H]1CCCC[C@@]12NC(=O)N(CN1CCC[C@@H]1c1cccs1)C2=O,True,,5.81012956626363,True,0.43358629092054385,"{'ecfp4': {'inside_ad': False, 'knn_similarity': 0.1676842105263158, 'nearest_neighbor_sim': 0.17}, 'maccs': {'inside_ad': True, 'knn_similarity': 0.6735309561733962, 'nearest_neighbor_sim': 0.7101449275362319}, 'rdkit': {'inside_ad': True, 'knn_similarity': 0.45954370606191963, 'nearest_neighbor_sim': 0.4626218851570964}}",High
1875361656,Cc1cncc(CC(=O)N2CCC[C@H]([C@@H]3CCN(C(=O)c4ccc(C)cc4C)C3)C2)c1,Cc1cncc(CC(=O)N2CCC[C@H]([C@@H]3CCN(C(=O)c4ccc(C)cc4C)C3)C2)c1,True,,5.5458285265308485,True,0.3936428446892593,"{'ecfp4': {'inside_ad': False, 'knn_similarity': 0.1904040252418207, 'nearest_neighbor_sim': 0.19607843137254902}, 'maccs': {'inside_ad': True, 'knn_similarity': 0.614059259027185, 'nearest_neighbor_sim': 0.65}, 'rdkit': {'inside_ad': True, 'knn_similarity': 0.37646524979877244, 'nearest_neighbor_sim': 0.3834788448623237}}",High
103027191,COc1ccc(NC(=O)c2cc3c(C)nn(Cc4ccc(F)cc4)c3s2)cc1S(=O)(=O)N1CCOCC1,COc1ccc(NC(=O)c2cc3c(C)nn(Cc4ccc(F)cc4)c3s2)cc1S(=O)(=O)N1CCOCC1,True,,5.453266626267158,True,0.508355204643818,"{'ecfp4': {'inside_ad': False, 'knn_similarity': 0.16898515532064645, 'nearest_neighbor_sim': 0.19298245614035087}, 'maccs': {'inside_ad': True, 'knn_similarity': 0.7534361317342471, 'nearest_neighbor_sim': 0.7647058823529411}, 'rdkit': {'inside_ad': True, 'knn_similarity': 0.6026443268765604, 'nearest_neighbor_sim': 0.6137895282529808}}",High
11663506,COC(=O)CCNC(=O)c1cc(Cn2ccnc2C(C)C)[nH]n1,COC(=O)CCNC(=O)c1cc(Cn2ccnc2C(C)C)[nH]n1,True,,5.035922298677492,True,0.3578583402188306,"{'ecfp4': {'inside_ad': False, 'knn_similarity': 0.1662810166414403, 'nearest_neighbor_sim': 0.17757009345794392}, 'maccs': {'inside_ad': True, 'knn_similarity': 0.572708523512025, 'nearest_neighbor_sim': 0.5795454545454546}, 'rdkit': {'inside_ad': True, 'knn_similarity': 0.3345854805030266, 'nearest_neighbor_sim': 0.3389513108614232}}",High
43727271,CNC(=O)C1CCN(C(=O)c2cc3c(C)nn(C)c3nc2C)CC1,CNC(=O)C1CCN(C(=O)c2cc3c(C)nn(C)c3nc2C)CC1,True,,5.33807375981957,True,0.45566386766877764,"{'ecfp4': {'inside_ad': False, 'knn_similarity': 0.18176123543944794, 'nearest_neighbor_sim': 0.1875}, 'maccs': {'inside_ad': True, 'knn_similarity': 0.6860265294407085, 'nearest_neighbor_sim': 0.71875}, 'rdkit': {'inside_ad': True, 'knn_similarity': 0.4992038381261765, 'nearest_neighbor_sim': 0.5021621621621621}}",High
95417913,CNC(=O)[C@H](NC(=O)CNc1ccc(Cl)cc1)c1ccccc1,CNC(=O)[C@H](NC(=O)CNc1ccc(Cl)cc1)c1ccccc1,True,,4.72895814529622,False,0.28282891861057774,"{'ecfp4': {'inside_ad': False, 'knn_similarity': 0.13691236449830457, 'nearest_neighbor_sim': 0.1566265060240964}, 'maccs': {'inside_ad': True, 'knn_similarity': 0.41913776124302443, 'nearest_neighbor_sim': 0.4230769230769231}, 'rdkit': {'inside_ad': False, 'knn_similarity': 0.2924366300904042, 'nearest_neighbor_sim': 0.30042613636363635}}",Low
953065812,FC(F)(F)COc1ccc(C(F)(F)F)cc1I,FC(F)(F)COc1ccc(C(F)(F)F)cc1I,True,,4.944592072072174,False,0.21460512628585326,"{'ecfp4': {'inside_ad': False, 'knn_similarity': 0.14470544839435323, 'nearest_neighbor_sim': 0.18666666666666668}, 'maccs': {'inside_ad': True, 'knn_similarity': 0.31285480859010273, 'nearest_neighbor_sim': 0.31746031746031744}, 'rdkit': {'inside_ad': False, 'knn_similarity': 0.1862551218731039, 'nearest_neighbor_sim': 0.19356955380577429}}",Low
11935921,CN(Cc1nc2cc(Cl)ccc2[nH]1)C(=O)Cn1nnnc1CN1CCCCCC1,CN(Cc1nc2cc(Cl)ccc2[nH]1)C(=O)Cn1nnnc1CN1CCCCCC1,True,,5.245836554028434,True,0.4124319925572102,"{'ecfp4': {'inside_ad': False, 'knn_similarity': 0.1671487288040324, 'nearest_neighbor_sim': 0.19101123595505617}, 'maccs': {'inside_ad': True, 'knn_similarity': 0.690921359342412, 'nearest_neighbor_sim': 0.7012987012987013}, 'rdkit': {'inside_ad': True, 'knn_similarity': 0.3792258895251862, 'nearest_neighbor_sim': 0.3807453416149068}}",High
285934549,CN1C(=O)N[C@@H]2CN(CCOc3cc(Cl)ccc3Cl)CC[C@@H]21,CN1C(=O)N[C@@H]2CN(CCOc3cc(Cl)ccc3Cl)CC[C@@H]21,True,,4.6698347040425086,True,0.4562568216190244,"{'ecfp4': {'inside_ad': False, 'knn_similarity': 0.19794588479466504, 'nearest_neighbor_sim': 0.2}, 'maccs': {'inside_ad': True, 'knn_similarity': 0.8301981981981982, 'nearest_neighbor_sim': 0.8378378378378378}, 'rdkit': {'inside_ad': True, 'knn_similarity': 0.34062638186421024, 'nearest_neighbor_sim': 0.35082872928176795}}",High
32050006,Cn1nc(C(=O)NCCOc2cccc3c2OC(C)(C)C3)ccc1=O,Cn1nc(C(=O)NCCOc2cccc3c2OC(C)(C)C3)ccc1=O,True,,5.33832389510708,True,0.41758314288706394,"{'ecfp4': {'inside_ad': False, 'knn_similarity': 0.2023766600372105, 'nearest_neighbor_sim': 0.21818181818181817}, 'maccs': {'inside_ad': True, 'knn_similarity': 0.6365184120458383, 'nearest_neighbor_sim': 0.6923076923076923}, 'rdkit': {'inside_ad': True, 'knn_similarity': 0.413854356578143, 'nearest_neighbor_sim': 0.4212139791538933}}",High
44935415,Cc1ccc([C@@H](CN2CCOCC2)NC(=O)Nc2nncs2)cc1,Cc1ccc([C@@H](CN2CCOCC2)NC(=O)Nc2nncs2)cc1,True,,5.202870474031345,True,0.3766773081220353,"{'ecfp4': {'inside_ad': False, 'knn_similarity': 0.15462919634210096, 'nearest_neighbor_sim': 0.16666666666666666}, 'maccs': {'inside_ad': True, 'knn_similarity': 0.6558618233618234, 'nearest_neighbor_sim': 0.6625}, 'rdkit': {'inside_ad': True, 'knn_similarity': 0.31954090466218155, 'nearest_neighbor_sim': 0.33171408743927827}}",High
4278180,Cc1ccc(C(=O)[C@@H](C)OC(=O)Cn2nc(O)c3ccccc3c2=O)cc1C,Cc1ccc(C(=O)[C@@H](C)OC(=O)Cn2nc(O)c3ccccc3c2=O)cc1C,True,,5.214452450295609,True,0.38963035742607244,"{'ecfp4': {'inside_ad': False, 'knn_similarity': 0.16898995635321745, 'nearest_neighbor_sim': 0.1724137931034483}, 'maccs': {'inside_ad': True, 'knn_similarity': 0.5598022187179912, 'nearest_neighbor_sim': 0.6060606060606061}, 'rdkit': {'inside_ad': True, 'knn_similarity': 0.4400988972070087, 'nearest_neighbor_sim': 0.4483726150392817}}",High
1875396214,CN1C[C@@H](c2ccnc(N(C)C)n2)C2(C1)CN(C(=O)c1ccc(F)cc1F)C2,CN1C[C@@H](c2ccnc(N(C)C)n2)C2(C1)CN(C(=O)c1ccc(F)cc1F)C2,True,,5.46637214876473,True,0.44243947166928344,"{'ecfp4': {'inside_ad': False, 'knn_similarity': 0.21093102975455919, 'nearest_neighbor_sim': 0.23076923076923078}, 'maccs': {'inside_ad': True, 'knn_similarity': 0.6610447523491001, 'nearest_neighbor_sim': 0.7246376811594203}, 'rdkit': {'inside_ad': True, 'knn_similarity': 0.45534263290419086, 'nearest_neighbor_sim': 0.46105383734249716}}",High
4088395,CC(=O)c1sc(NC(=O)c2ccc3ncsc3c2)nc1-c1ccccc1,CC(=O)c1sc(NC(=O)c2ccc3ncsc3c2)nc1-c1ccccc1,True,,5.398958843840111,True,0.4189979556415615,"{'ecfp4': {'inside_ad': False, 'knn_similarity': 0.17647728034663787, 'nearest_neighbor_sim': 0.18691588785046728}, 'maccs': {'inside_ad': True, 'knn_similarity': 0.5725367125488495, 'nearest_neighbor_sim': 0.6304347826086957}, 'rdkit': {'inside_ad': True, 'knn_similarity': 0.5079798740291972, 'nearest_neighbor_sim': 0.5155555555555555}}",High
77300259,CCn1c(N)nc2cc(C(=O)NCc3snnc3C(C)C)cnc21,CCn1c(N)nc2cc(C(=O)NCc3snnc3C(C)C)cnc21,True,,5.92101347379817,True,0.4028668912035864,"{'ecfp4': {'inside_ad': False, 'knn_similarity': 0.15933373240173387, 'nearest_neighbor_sim': 0.168141592920354}, 'maccs': {'inside_ad': True, 'knn_similarity': 0.5695503804684331, 'nearest_neighbor_sim': 0.6571428571428571}, 'rdkit': {'inside_ad': True, 'knn_similarity': 0.47971656074059216, 'nearest_neighbor_sim': 0.48814655172413796}}",High
12795441,O=C(NCCc1cccs1)N1CCC([C@H](O)c2ccccc2)CC1,O=C(NCCc1cccs1)N1CCC([C@H](O)c2ccccc2)CC1,True,,5.692902548361696,True,0.38161517543262874,"{'ecfp4': {'inside_ad': False, 'knn_similarity': 0.18014329988669392, 'nearest_neighbor_sim': 0.20930232558139536}, 'maccs': {'inside_ad': True, 'knn_similarity': 0.6603174603174603, 'nearest_neighbor_sim': 0.7142857142857143}, 'rdkit': {'inside_ad': True, 'knn_similarity': 0.3043847660937321, 'nearest_neighbor_sim': 0.31065759637188206}}",High
49090233,C[C@@H]1CN(C(=O)c2c(Cl)nc3ccccn23)[C@H](C)CO1,C[C@@H]1CN(C(=O)c2c(Cl)nc3ccccn23)[C@H](C)CO1,True,,5.701885951515258,True,0.4383344508716182,"{'ecfp4': {'inside_ad': False, 'knn_similarity': 0.199782993198505, 'nearest_neighbor_sim': 0.2235294117647059}, 'maccs': {'inside_ad': True, 'knn_similarity': 0.6795263559969442, 'nearest_neighbor_sim': 0.7352941176470589}, 'rdkit': {'inside_ad': True, 'knn_similarity': 0.4356940034194053, 'nearest_neighbor_sim': 0.4447483588621444}}",High
334765272,Cc1[nH]nc(C(=O)N2CC3(CCCC3)[C@H]2C(C)C)c1C,Cc1[nH]nc(C(=O)N2CC3(CCCC3)[C@H]2C(C)C)c1C,True,,5.475996116345148,True,0.3345914940149603,"{'ecfp4': {'inside_ad': False, 'knn_similarity': 0.13663421618552324, 'nearest_neighbor_sim': 0.1411764705882353}, 'maccs': {'inside_ad': True, 'knn_similarity': 0.5076923076923077, 'nearest_neighbor_sim': 0.5384615384615384}, 'rdkit': {'inside_ad': True, 'knn_similarity': 0.3594479581670499, 'nearest_neighbor_sim': 0.3629411764705882}}",High
584898626,CC(C)(C)N1C[C@@H](CNC(=O)c2cnc(N)s2)CC1=O,CC(C)(C)N1C[C@@H](CNC(=O)c2cnc(N)s2)CC1=O,True,,5.164687114461328,True,0.35310823185385126,"{'ecfp4': {'inside_ad': False, 'knn_similarity': 0.16565659956964304, 'nearest_neighbor_sim': 0.17391304347826086}, 'maccs': {'inside_ad': True, 'knn_similarity': 0.5780683520147757, 'nearest_neighbor_sim': 0.6056338028169014}, 'rdkit': {'inside_ad': True, 'knn_similarity': 0.315599743977135, 'nearest_neighbor_sim': 0.3167972149695387}}",High
97096818,C[S@@](=O)c1nncn1-c1nc(-c2ccccc2)ns1,C[S@@](=O)c1nncn1-c1nc(-c2ccccc2)ns1,True,,5.370411014496227,True,0.33228697599370566,"{'ecfp4': {'inside_ad': False, 'knn_similarity': 0.15521749789857103, 'nearest_neighbor_sim': 0.1686746987951807}, 'maccs': {'inside_ad': True, 'knn_similarity': 0.47168945928887024, 'nearest_neighbor_sim': 0.5}, 'rdkit': {'inside_ad': True, 'knn_similarity': 0.3699539707936757, 'nearest_neighbor_sim': 0.37133370226895407}}",High
2382308490,C[C@H]1CN(C(=O)c2cnc[nH]2)Cc2nnc(C3CCOCC3)n21,C[C@H]1CN(C(=O)c2cnc[nH]2)Cc2nnc(C3CCOCC3)n21,True,,5.373209024228319,True,0.43671573749163956,"{'ecfp4': {'inside_ad': False, 'knn_similarity': 0.15520392223263207, 'nearest_neighbor_sim': 0.1702127659574468}, 'maccs': {'inside_ad': True, 'knn_similarity': 0.6984913242254192, 'nearest_neighbor_sim': 0.7183098591549296}, 'rdkit': {'inside_ad': True, 'knn_similarity': 0.45645196601686744, 'nearest_neighbor_sim': 0.4658785599140247}}",High
1776832,CCCCCCNc1ncnc2sc3c(c12)CCCC3,CCCCCCNc1ncnc2sc3c(c12)CCCC3,True,,5.015313023252084,True,0.39849262634609567,"{'ecfp4': {'inside_ad': False, 'knn_similarity': 0.1147223981631198, 'nearest_neighbor_sim': 0.12087912087912088}, 'maccs': {'inside_ad': True, 'knn_similarity': 0.5809531240311049, 'nearest_neighbor_sim': 0.609375}, 'rdkit': {'inside_ad': True, 'knn_similarity': 0.4998023568440623, 'nearest_neighbor_sim': 0.5046321525885559}}",High
651375817,Cc1nnc([C@@H]2CCCN(c3ncnc4[nH]cnc34)C2)o1,Cc1nnc([C@@H]2CCCN(c3ncnc4[nH]cnc34)C2)o1,True,,5.256046773558669,True,0.44688446793873354,"{'ecfp4': {'inside_ad': False, 'knn_similarity': 0.19343045476202952, 'nearest_neighbor_sim': 0.1956521739130435}, 'maccs': {'inside_ad': True, 'knn_similarity': 0.7007722733691997, 'nearest_neighbor_sim': 0.7457627118644068}, 'rdkit': {'inside_ad': True, 'knn_similarity': 0.4464506756849714, 'nearest_neighbor_sim': 0.45236668663870583}}",High
14807333,O=c1c2cc(Cl)ccc2ncn1Cc1coc(-c2ccccc2)n1,O=c1c2cc(Cl)ccc2ncn1Cc1coc(-c2ccccc2)n1,True,,4.868607819111138,True,0.42669480700113344,"{'ecfp4': {'inside_ad': False, 'knn_similarity': 0.15808084255799262, 'nearest_neighbor_sim': 0.18181818181818182}, 'maccs': {'inside_ad': True, 'knn_similarity': 0.6856104094910066, 'nearest_neighbor_sim': 0.7230769230769231}, 'rdkit': {'inside_ad': True, 'knn_similarity': 0.4363931689544012, 'nearest_neighbor_sim': 0.4393662400975015}}",High
987783,CNS(=O)(=O)c1cnccc1N1CCN(c2ccc(Cl)c(C(F)(F)F)c2)CC1,CNS(=O)(=O)c1cnccc1N1CCN(c2ccc(Cl)c(C(F)(F)F)c2)CC1,True,,4.809167194900256,True,0.40783057704992604,"{'ecfp4': {'inside_ad': False, 'knn_similarity': 0.17433806316406258, 'nearest_neighbor_sim': 0.20652173913043478}, 'maccs': {'inside_ad': True, 'knn_similarity': 0.6561842105263158, 'nearest_neighbor_sim': 0.6631578947368421}, 'rdkit': {'inside_ad': True, 'knn_similarity': 0.3929694574593997, 'nearest_neighbor_sim': 0.4002411091018686}}",High
21800728,COc1ccc(-c2nc(NC(=O)COc3cccc(C)c3C)no2)cc1,COc1ccc(-c2nc(NC(=O)COc3cccc(C)c3C)no2)cc1,True,,5.196136561062027,True,0.35354768481540155,"{'ecfp4': {'inside_ad': False, 'knn_similarity': 0.1622063272157468, 'nearest_neighbor_sim': 0.1836734693877551}, 'maccs': {'inside_ad': True, 'knn_similarity': 0.5532507963598847, 'nearest_neighbor_sim': 0.5569620253164557}, 'rdkit': {'inside_ad': True, 'knn_similarity': 0.3451859308705731, 'nearest_neighbor_sim': 0.3496631965707287}}",High
584880870,COCCc1nc(Cl)c2c(Br)cnc-2[nH]1,COCCc1nc(Cl)c2c(Br)cnc-2[nH]1,True,,5.26658277793573,True,0.3651837987967272,"{'ecfp4': {'inside_ad': False, 'knn_similarity': 0.17323062558356678, 'nearest_neighbor_sim': 0.17857142857142858}, 'maccs': {'inside_ad': True, 'knn_similarity': 0.5802883970489605, 'nearest_neighbor_sim': 0.5857142857142857}, 'rdkit': {'inside_ad': True, 'knn_similarity': 0.34203237375765416, 'nearest_neighbor_sim': 0.34418091560948705}}",High
16605381,CC1(C)O[C@@H]2O[C@H](CO)[C@H](O)[C@@H]2O1,CC1(C)O[C@@H]2O[C@H](CO)[C@H](O)[C@@H]2O1,True,,5.076437126355305,False,0.21059235961270206,"{'ecfp4': {'inside_ad': False, 'knn_similarity': 0.0640718845677806, 'nearest_neighbor_sim': 0.07352941176470588}, 'maccs': {'inside_ad': True, 'knn_similarity': 0.35870715435932826, 'nearest_neighbor_sim': 0.36231884057971014}, 'rdkit': {'inside_ad': False, 'knn_similarity': 0.20899803991099733, 'nearest_neighbor_sim': 0.20978593272171253}}",Low
239591365,COC(=O)c1cnoc1CN[C@H](C)c1ccccc1Br,COC(=O)c1cnoc1CN[C@H](C)c1ccccc1Br,True,,4.842630037984742,True,0.30188848266362717,"{'ecfp4': {'inside_ad': False, 'knn_similarity': 0.1473327680107706, 'nearest_neighbor_sim': 0.1590909090909091}, 'maccs': {'inside_ad': True, 'knn_similarity': 0.4376412954619928, 'nearest_neighbor_sim': 0.45977011494252873}, 'rdkit': {'inside_ad': True, 'knn_similarity': 0.3206913845181182, 'nearest_neighbor_sim': 0.3251201923076923}}",High
69700427,Cc1cnn(CCC(=O)NC2(c3ccc(Cl)cc3)CCOCC2)c1,Cc1cnn(CCC(=O)NC2(c3ccc(Cl)cc3)CCOCC2)c1,True,,5.063853292499722,True,0.3885210322965274,"{'ecfp4': {'inside_ad': False, 'knn_similarity': 0.16147183983765695, 'nearest_neighbor_sim': 0.16521739130434782}, 'maccs': {'inside_ad': True, 'knn_similarity': 0.6623034859876965, 'nearest_neighbor_sim': 0.6710526315789473}, 'rdkit': {'inside_ad': True, 'knn_similarity': 0.34178777106422886, 'nearest_neighbor_sim': 0.3450363196125908}}",High
55941984,CC(=O)Nc1cccc(S(=O)(=O)N(C)C2CCCCC2)c1,CC(=O)Nc1cccc(S(=O)(=O)N(C)C2CCCCC2)c1,True,,4.924332349779929,True,0.31968718757693987,"{'ecfp4': {'inside_ad': False, 'knn_similarity': 0.18828737726053082, 'nearest_neighbor_sim': 0.20202020202020202}, 'maccs': {'inside_ad': True, 'knn_similarity': 0.47640588400308576, 'nearest_neighbor_sim': 0.5466666666666666}, 'rdkit': {'inside_ad': False, 'knn_similarity': 0.29436830146720305, 'nearest_neighbor_sim': 0.29747596153846156}}",High
20617115,C[C@@H](NC(=O)c1cn(C)nc1C(=O)N[C@H](C)C(C)(C)C)C(C)(C)C,C[C@@H](NC(=O)c1cn(C)nc1C(=O)N[C@H](C)C(C)(C)C)C(C)(C)C,True,,5.4817169784792545,True,0.30874167779854506,"{'ecfp4': {'inside_ad': False, 'knn_similarity': 0.12551315037164096, 'nearest_neighbor_sim': 0.1375}, 'maccs': {'inside_ad': True, 'knn_similarity': 0.4528234396624445, 'nearest_neighbor_sim': 0.5081967213114754}, 'rdkit': {'inside_ad': True, 'knn_similarity': 0.34788844336154967, 'nearest_neighbor_sim': 0.35272945410917816}}",High
22934368,Cc1ccc(CNC(=O)CN2CCN(CC(=O)Nc3ccccc3Cl)CC2)cc1,Cc1ccc(CNC(=O)CN2CCN(CC(=O)Nc3ccccc3Cl)CC2)cc1,True,,4.752677927945158,True,0.35420885726978485,"{'ecfp4': {'inside_ad': False, 'knn_similarity': 0.1639886547153839, 'nearest_neighbor_sim': 0.16853932584269662}, 'maccs': {'inside_ad': True, 'knn_similarity': 0.6375959595959596, 'nearest_neighbor_sim': 0.64}, 'rdkit': {'inside_ad': False, 'knn_similarity': 0.26104195749801107, 'nearest_neighbor_sim': 0.2752562225475842}}",High
8778473,CCCCn1cnc2c1c(=O)n(Cc1ccc(OC)c(F)c1)c(=O)n2Cc1ccccc1,CCCCn1cnc2c1c(=O)n(Cc1ccc(OC)c(F)c1)c(=O)n2Cc1ccccc1,True,,5.565657988653898,True,0.48723988398890233,"{'ecfp4': {'inside_ad': False, 'knn_similarity': 0.1760124151372954, 'nearest_neighbor_sim': 0.1935483870967742}, 'maccs': {'inside_ad': True, 'knn_similarity': 0.7645569620253165, 'nearest_neighbor_sim': 0.7721518987341772}, 'rdkit': {'inside_ad': True, 'knn_similarity': 0.5211502748040951, 'nearest_neighbor_sim': 0.5294748124330118}}",High
2382383477,O=C(NC[C@H]1[C@@H]2CC[C@@]3(CN(Cc4cnsc4)C[C@@H]13)O2)c1ccccc1,O=C(NC[C@H]1[C@@H]2CC[C@@]3(CN(Cc4cnsc4)C[C@@H]13)O2)c1ccccc1,True,,5.608192314850898,True,0.40698248159306494,"{'ecfp4': {'inside_ad': False, 'knn_similarity': 0.2067994661979624, 'nearest_neighbor_sim': 0.21428571428571427}, 'maccs': {'inside_ad': True, 'knn_similarity': 0.6170943614421874, 'nearest_neighbor_sim': 0.6376811594202898}, 'rdkit': {'inside_ad': True, 'knn_similarity': 0.3970536171390449, 'nearest_neighbor_sim': 0.40308988764044945}}",High
171235419,CO[C@H]1CCCN(C(=O)NCCc2cccnc2)C1,CO[C@H]1CCCN(C(=O)NCCc2cccnc2)C1,True,,5.53378697042134,True,0.3944172024927542,"{'ecfp4': {'inside_ad': False, 'knn_similarity': 0.24491338231446574, 'nearest_neighbor_sim': 0.2608695652173913}, 'maccs': {'inside_ad': True, 'knn_similarity': 0.666908622908623, 'nearest_neighbor_sim': 0.6857142857142857}, 'rdkit': {'inside_ad': False, 'knn_similarity': 0.27142960225517393, 'nearest_neighbor_sim': 0.28810853950518756}}",High
6805828,CC(C)c1ccc(N(C(=O)CCC2CCCCC2)[C@H]2C=CS(=O)(=O)C2)cc1,CC(C)c1ccc(N(C(=O)CCC2CCCCC2)[C@H]2C=CS(=O)(=O)C2)cc1,True,,4.950286336094075,True,0.3365807832435383,"{'ecfp4': {'inside_ad': False, 'knn_similarity': 0.12816610916211144, 'nearest_neighbor_sim': 0.13095238095238096}, 'maccs': {'inside_ad': True, 'knn_similarity': 0.4942966486186952, 'nearest_neighbor_sim': 0.5394736842105263}, 'rdkit': {'inside_ad': True, 'knn_similarity': 0.38727959194980816, 'nearest_neighbor_sim': 0.38760139049826187}}",High
32097106,O=C(Nc1ccc2c(c1)OCCO2)[C@H]1CC(=O)N(c2cccc(Cl)c2)C1,O=C(Nc1ccc2c(c1)OCCO2)[C@H]1CC(=O)N(c2cccc(Cl)c2)C1,True,,5.078867015755758,True,0.42043213851706085,"{'ecfp4': {'inside_ad': False, 'knn_similarity': 0.15619344025632415, 'nearest_neighbor_sim': 0.17894736842105263}, 'maccs': {'inside_ad': True, 'knn_similarity': 0.734987080566216, 'nearest_neighbor_sim': 0.782608695652174}, 'rdkit': {'inside_ad': True, 'knn_similarity': 0.37011589472864254, 'nearest_neighbor_sim': 0.37462052216150576}}",High
22786633,CCc1ccccc1NC(=O)CN1CCN(CCCOc2ccccc2)CC1,CCc1ccccc1NC(=O)CN1CCN(CCCOc2ccccc2)CC1,True,,5.231398271247496,True,0.3865207382804548,"{'ecfp4': {'inside_ad': False, 'knn_similarity': 0.18494303388312602, 'nearest_neighbor_sim': 0.20408163265306123}, 'maccs': {'inside_ad': True, 'knn_similarity': 0.6970238519437826, 'nearest_neighbor_sim': 0.704225352112676}, 'rdkit': {'inside_ad': False, 'knn_similarity': 0.27759532901445577, 'nearest_neighbor_sim': 0.2791970802919708}}",High
106868146,C[C@H](O)CN1CCN(CC(=O)N(C)Cc2cnn(C)c2)C[C@@H]1C,C[C@H](O)CN1CCN(CC(=O)N(C)Cc2cnn(C)c2)C[C@@H]1C,True,,5.411148922673713,True,0.3446019666549094,"{'ecfp4': {'inside_ad': False, 'knn_similarity': 0.16125005289902805, 'nearest_neighbor_sim': 0.1919191919191919}, 'maccs': {'inside_ad': True, 'knn_similarity': 0.5940855855855857, 'nearest_neighbor_sim': 0.6133333333333333}, 'rdkit': {'inside_ad': False, 'knn_similarity': 0.27847026148011456, 'nearest_neighbor_sim': 0.27992957746478875}}",High
262229539,O=C(N[C@@H](C(=O)O)C1CC1)c1cccc(OCc2cccnc2)c1,O=C(N[C@@H](C(=O)O)C1CC1)c1cccc(OCc2cccnc2)c1,True,,5.257712573681997,True,0.3554818962409387,"{'ecfp4': {'inside_ad': False, 'knn_similarity': 0.22824060613506142, 'nearest_neighbor_sim': 0.25263157894736843}, 'maccs': {'inside_ad': True, 'knn_similarity': 0.4963547907201158, 'nearest_neighbor_sim': 0.5151515151515151}, 'rdkit': {'inside_ad': True, 'knn_similarity': 0.34185029186763877, 'nearest_neighbor_sim': 0.35787321063394684}}",High
211077969,COC(=O)c1ccc(C(=O)N2CCCC[C@@H](c3ccc(F)cc3)C2)cc1,COC(=O)c1ccc(C(=O)N2CCCC[C@@H](c3ccc(F)cc3)C2)cc1,True,,5.106480836536697,True,0.3556942986367185,"{'ecfp4': {'inside_ad': False, 'knn_similarity': 0.19218570997889656, 'nearest_neighbor_sim': 0.2}, 'maccs': {'inside_ad': True, 'knn_similarity': 0.5367024526490356, 'nearest_neighbor_sim': 0.5394736842105263}, 'rdkit': {'inside_ad': True, 'knn_similarity': 0.33819473328222316, 'nearest_neighbor_sim': 0.3488054607508532}}",High
1565512349,CCc1ccccc1OCCN1CC[C@@H]2CNC[C@@H]21,CCc1ccccc1OCCN1CC[C@@H]2CNC[C@@H]21,True,,5.06995052262234,True,0.4000506111274104,"{'ecfp4': {'inside_ad': False, 'knn_similarity': 0.20963806422324688, 'nearest_neighbor_sim': 0.2413793103448276}, 'maccs': {'inside_ad': True, 'knn_similarity': 0.6494758097958606, 'nearest_neighbor_sim': 0.6615384615384615}, 'rdkit': {'inside_ad': True, 'knn_similarity': 0.34103795936312364, 'nearest_neighbor_sim': 0.34749763928234184}}",High
5005416,CC(C)NC(=O)CC12CC3CC(C1)CC(CC(=O)NC(C)C)(C3)C2,CC(C)NC(=O)CC12CC3CC(C1)CC(CC(=O)NC(C)C)(C3)C2,True,,5.233565088134808,False,0.20557148245076828,"{'ecfp4': {'inside_ad': False, 'knn_similarity': 0.10395531396229438, 'nearest_neighbor_sim': 0.10679611650485436}, 'maccs': {'inside_ad': True, 'knn_similarity': 0.3622420081527569, 'nearest_neighbor_sim': 0.4067796610169492}, 'rdkit': {'inside_ad': False, 'knn_similarity': 0.15051712523725355, 'nearest_neighbor_sim': 0.16454456415279137}}",Low
1628625,O=C(O)Cc1cc(=O)oc2cc(O)c(Cl)cc12,O=C(O)Cc1cc(=O)oc2cc(O)c(Cl)cc12,True,,4.986706877405187,False,0.2999715883607161,"{'ecfp4': {'inside_ad': False, 'knn_similarity': 0.14702457150855205, 'nearest_neighbor_sim': 0.15714285714285714}, 'maccs': {'inside_ad': True, 'knn_similarity': 0.41444595205789236, 'nearest_neighbor_sim': 0.4393939393939394}, 'rdkit': {'inside_ad': True, 'knn_similarity': 0.33844424151570385, 'nearest_neighbor_sim': 0.33995186522262333}}",Low
1615046111,CCNc1ncc(S(=O)(=O)N(CC)CC(=O)NC)cc1Cl,CCNc1ncc(S(=O)(=O)N(CC)CC(=O)NC)cc1Cl,True,,5.098743470577803,True,0.38835230826331074,"{'ecfp4': {'inside_ad': False, 'knn_similarity': 0.15947554697554697, 'nearest_neighbor_sim': 0.17857142857142858}, 'maccs': {'inside_ad': True, 'knn_similarity': 0.6273437057991513, 'nearest_neighbor_sim': 0.6428571428571429}, 'rdkit': {'inside_ad': True, 'knn_similarity': 0.37823767201523395, 'nearest_neighbor_sim': 0.3798720186154741}}",High
909321951,C[C@](NC(=O)C1CCC(O)CC1)(C(=O)O)C1CC1,C[C@](NC(=O)C1CCC(O)CC1)(C(=O)O)C1CC1,True,,5.399073863412195,False,0.26580000811149834,"{'ecfp4': {'inside_ad': False, 'knn_similarity': 0.09586689509170129, 'nearest_neighbor_sim': 0.09876543209876543}, 'maccs': {'inside_ad': True, 'knn_similarity': 0.41583690316822847, 'nearest_neighbor_sim': 0.44}, 'rdkit': {'inside_ad': False, 'knn_similarity': 0.2856962260745652, 'nearest_neighbor_sim': 0.297153024911032}}",Low
1565514049,O=C(C1CC1)N1CCC(N[C@H]2CCOC[C@@H]2OCc2ccccc2)CC1,O=C(C1CC1)N1CCC(N[C@H]2CCOC[C@@H]2OCc2ccccc2)CC1,True,,5.044178054035829,True,0.38170345835410296,"{'ecfp4': {'inside_ad': False, 'knn_similarity': 0.18835918658480383, 'nearest_neighbor_sim': 0.20652173913043478}, 'maccs': {'inside_ad': True, 'knn_similarity': 0.6314237936566703, 'nearest_neighbor_sim': 0.6486486486486487}, 'rdkit': {'inside_ad': True, 'knn_similarity': 0.32532739482083467, 'nearest_neighbor_sim': 0.3351226993865031}}",High
1851487884,O=C(NC1CCC1)c1cc2cc(F)c(F)cc2[nH]1,O=C(NC1CCC1)c1cc2cc(F)c(F)cc2[nH]1,True,,5.284572288443032,True,0.34363487101120493,"{'ecfp4': {'inside_ad': False, 'knn_similarity': 0.1744141828485974, 'nearest_neighbor_sim': 0.18446601941747573}, 'maccs': {'inside_ad': True, 'knn_similarity': 0.5030647782679358, 'nearest_neighbor_sim': 0.5084745762711864}, 'rdkit': {'inside_ad': True, 'knn_similarity': 0.3534256519170816, 'nearest_neighbor_sim': 0.38173302107728335}}",High
199806908,NCCCC[C@H](N)C(=O)N[C@@H](CCCCN)C(N)=O,NCCCC[C@H](NC(=O)[C@@H](N)CCCCN)C(N)=O,True,,5.281075795710154,False,0.2634368488164686,"{'ecfp4': {'inside_ad': False, 'knn_similarity': 0.13919873699123825, 'nearest_neighbor_sim': 0.140625}, 'maccs': {'inside_ad': True, 'knn_similarity': 0.38497107044178946, 'nearest_neighbor_sim': 0.4084507042253521}, 'rdkit': {'inside_ad': False, 'knn_similarity': 0.2661407390163782, 'nearest_neighbor_sim': 0.2808607021517554}}",Low
8867797,CCCCN1C(=O)c2oc3ccccc3c(=O)c2[C@@]12C(=O)N(CCC)c1ccccc12,CCCCN1C(=O)c2oc3ccccc3c(=O)c2[C@@]12C(=O)N(CCC)c1ccccc12,True,,6.109241265346871,True,0.49616522958411874,"{'ecfp4': {'inside_ad': False, 'knn_similarity': 0.12365163704461038, 'nearest_neighbor_sim': 0.12643678160919541}, 'maccs': {'inside_ad': True, 'knn_similarity': 0.6262816034076508, 'nearest_neighbor_sim': 0.6621621621621622}, 'rdkit': {'inside_ad': True, 'knn_similarity': 0.738562448300095, 'nearest_neighbor_sim': 0.758}}",High
220678406,CC[C@H]1C(=O)N(C)CCN1C(=O)c1cccnc1C,CC[C@H]1C(=O)N(C)CCN1C(=O)c1cccnc1C,True,,5.1522347871074645,True,0.4242240295565398,"{'ecfp4': {'inside_ad': False, 'knn_similarity': 0.23941130926399365, 'nearest_neighbor_sim': 0.27848101265822783}, 'maccs': {'inside_ad': True, 'knn_similarity': 0.6246188240554437, 'nearest_neighbor_sim': 0.6615384615384615}, 'rdkit': {'inside_ad': True, 'knn_similarity': 0.40864195535018216, 'nearest_neighbor_sim': 0.41534208707671044}}",High
189937402,COCCn1ccc(C(=O)N2C[C@H](C)C[C@@H]2c2ccccc2F)n1,COCCn1ccc(C(=O)N2C[C@H](C)C[C@@H]2c2ccccc2F)n1,True,,5.2004193032011345,True,0.43524482295391737,"{'ecfp4': {'inside_ad': False, 'knn_similarity': 0.20777886349849628, 'nearest_neighbor_sim': 0.21649484536082475}, 'maccs': {'inside_ad': True, 'knn_similarity': 0.6511488511488511, 'nearest_neighbor_sim': 0.6538461538461539}, 'rdkit': {'inside_ad': True, 'knn_similarity': 0.4468067542144046, 'nearest_neighbor_sim': 0.4496300512236767}}",High
